Length	LongLength	Rank	IsSynchronized	SyncRoot	IsFixedSize	IsReadOnly
Length	LongLength	Rank	IsSynchronized	SyncRoot	IsFixedSize	IsReadOnly
Length	LongLength	Rank	IsSynchronized	SyncRoot	IsFixedSize	IsReadOnly
Length	LongLength	Rank	IsSynchronized	SyncRoot	IsFixedSize	IsReadOnly
Length	LongLength	Rank	IsSynchronized	SyncRoot	IsFixedSize	IsReadOnly
Length	LongLength	Rank	IsSynchronized	SyncRoot	IsFixedSize	IsReadOnly
Length	LongLength	Rank	IsSynchronized	SyncRoot	IsFixedSize	IsReadOnly
Length	LongLength	Rank	IsSynchronized	SyncRoot	IsFixedSize	IsReadOnly
Length	LongLength	Rank	IsSynchronized	SyncRoot	IsFixedSize	IsReadOnly
Length	LongLength	Rank	IsSynchronized	SyncRoot	IsFixedSize	IsReadOnly
